{
  "passenger": {
    "passengerId": "431202198811101720",
    "firstName": "Fang",
    "lastName": "Hua",
    "age": 29,
    "telephone": "13177777777"
  },
  "flight": {
    "flightId": "MU4233",
    "departure": "Chengdu",
    "destination": "Beijing",
    "boardingGate": "A07",
    "boardingTime": "2022-05-27 08:25",
    "departureTime": "2022-05-27 08:55",
    "arrivalTime": "2022-05-27 13:55"
  },
  "seatNo": "4C",
  "food": {
    "foodName": "VEGETARIAN",
    "foodPrice": 20.0
  }
}