[
	{
		"reservationId":"1522510488322314240",
		"passenger":{
			"passengerId":"431202198811101720",
			"firstName":"Fang",
			"lastName":"Hua",
			"age":29,
			"telephone":"13177777777"
		},
		"flight":{
			"flightId":"MH8633",
			"departure":"Beijing",
			"destination":"Hainan",
			"boardingGate":"B08",
			"boardingTime":"2022-09-11 07:05",
			"departureTime":"2022-09-11 09:55",
			"arrivalTime":"2022-09-11 12:55"
		},
		"seatLevel":"BUSINESS_CLASS",
		"mealsAvailable":true,
		"handBaggageNum":1,
		"checkedBaggageNum":0,
		"checked":false
	},
	{
		"reservationId":"1522510245593747456",
		"passenger":{
			"passengerId":"431202198811101720",
			"firstName":"Fang",
			"lastName":"Hua",
			"age":29,
			"telephone":"13177777777"
		},
		"flight":{
			"flightId":"MU4233",
			"departure":"Chengdu",
			"destination":"Beijing",
			"boardingGate":"A07",
			"boardingTime":"2022-05-27 08:25",
			"departureTime":"2022-05-27 08:55",
			"arrivalTime":"2022-05-27 13:55"
		},
		"seatLevel":"BUSINESS_CLASS",
		"mealsAvailable":true,
		"handBaggageNum":1,
		"checkedBaggageNum":0,
		"checked":false
	},
	{
		"reservationId":"1522511581748006912",
		"passenger":{
			"passengerId":"431202198811101720",
			"firstName":"Fang",
			"lastName":"Hua",
			"age":29,
			"telephone":"13177777777"
		},
		"flight":{
			"flightId":"NH1266",
			"departure":"Shanghai",
			"destination":"Chengdu",
			"boardingGate":"B07",
			"boardingTime":"2022-06-01 12:25",
			"departureTime":"2022-06-01 12:55",
			"arrivalTime":"2022-06-01 15:40"
		},
		"seatLevel":"FIRST_CLASS",
		"mealsAvailable":true,
		"handBaggageNum":1,
		"checkedBaggageNum":0,
		"checked":false
	},
	{
		"reservationId":"1522510628076523520",
		"passenger":{
			"passengerId":"431202198811101720",
			"firstName":"Fang",
			"lastName":"Hua",
			"age":29,
			"telephone":"13177777777"
		},
		"flight":{
			"flightId":"MU8653",
			"departure":"Chengdu",
			"destination":"Guangzhou",
			"boardingGate":"B07",
			"boardingTime":"2022-05-28 07:25",
			"departureTime":"2022-05-28 07:55",
			"arrivalTime":"2022-05-28 15:35"
		},
		"seatLevel":"BUSINESS_CLASS",
		"mealsAvailable":true,
		"handBaggageNum":1,
		"checkedBaggageNum":0,
		"checked":false
	}
]